id,tanggal,bulan,bulan_inggris,kuartal,kota,kategori,merek,produk,unit_terjual,biaya_iklan_jt,pendapatan_jt,rata_rata_pendapatan_jt
TRX0029,2024-01-01,Januari,January,Q1,Denpasar,LCGC,Daihatsu,Sigra,10,47.08,2050,205
TRX0254,2024-01-01,Januari,January,Q1,Palembang,SUV,Wuling,Almaz,2,39.14,704,352
TRX0106,2024-01-01,Januari,January,Q1,Depok,Sedan,BMW,3 Series,19,66.16,19209,1011
TRX0292,2024-01-02,Januari,January,Q1,Depok,MPV,Hyundai,Palisade,4,18.13,2940,735
TRX0057,2024-01-02,Januari,January,Q1,Medan,Sedan,Mercedes-Benz,C-Class,8,36.59,8104,1013
TRX0004,2024-01-02,Januari,January,Q1,Makassar,Sedan,BMW,5 Series,11,32.79,14179,1289
TRX0531,2024-01-02,Januari,January,Q1,Denpasar,MPV,Lexus,NX,14,32.65,13804,986
TRX0352,2024-01-03,Januari,January,Q1,Makassar,MPV,Hyundai,Palisade,6,49.6,4428,738
TRX0278,2024-01-03,Januari,January,Q1,Palembang,Hatchback,Kia,Stonic,12,56.51,3828,319
TRX0575,2024-01-03,Januari,January,Q1,Balikpapan,Sedan,Mercedes-Benz,E-Class,20,45.33,23600,1180
TRX0227,2024-01-05,Januari,January,Q1,Malang,SUV,Nissan,X-Trail,14,63.09,6286,449
TRX0378,2024-01-05,Januari,January,Q1,Denpasar,Sedan,Mercedes-Benz,E-Class,16,42.06,19376,1211
TRX0462,2024-01-05,Januari,January,Q1,Medan,Sedan,Mazda,Mazda6,2,6.28,1130,565
TRX0187,2024-01-06,Januari,January,Q1,Denpasar,Sedan,Audi,A6,2,17.46,2406,1203
TRX0490,2024-01-07,Januari,January,Q1,Bandar Lampung,Sedan,Audi,A4,17,42.97,15436,908
TRX0476,2024-01-07,Januari,January,Q1,Denpasar,SUV,Mitsubishi,Pajero Sport,2,40.24,1294,647
TRX0418,2024-01-08,Januari,January,Q1,Tangerang,Hatchback,Nissan,Kicks,6,35.91,2382,397
TRX0065,2024-01-08,Januari,January,Q1,Denpasar,Sedan,Nissan,Kicks,15,56.94,5985,399
TRX0321,2024-01-08,Januari,January,Q1,Tangerang,SUV,Daihatsu,Terios,9,33.03,2646,294
TRX0283,2024-01-09,Januari,January,Q1,Bandung,Sedan,Mazda,Mazda6,13,14.21,7280,560
TRX0584,2024-01-09,Januari,January,Q1,Palembang,SUV,Hyundai,Creta,17,55.52,6630,390
TRX0384,2024-01-10,Januari,January,Q1,Bandung,Sedan,Toyota,Camry,20,38.71,10620,531
TRX0241,2024-01-10,Januari,January,Q1,Makassar,SUV,Mazda,CX-3,13,72.41,5083,391
TRX0483,2024-01-11,Januari,January,Q1,Balikpapan,SUV,Daihatsu,Rocky,9,39.22,2610,290
TRX0165,2024-01-11,Januari,January,Q1,Pekanbaru,Hatchback,Volkswagen,Golf,7,31.49,3626,518
TRX0347,2024-01-11,Januari,January,Q1,Surabaya,Sedan,Mercedes-Benz,C-Class,17,65.13,17340,1020
TRX0138,2024-01-12,Januari,January,Q1,Bandar Lampung,LCGC,Daihatsu,Sigra,1,44.27,200,200
TRX0456,2024-01-12,Januari,January,Q1,Bandung,Hatchback,Daihatsu,Ayla,1,38.41,186,186
TRX0114,2024-01-12,Januari,January,Q1,Yogyakarta,SUV,Mercedes-Benz,GLA,10,33.04,11030,1103
TRX0514,2024-01-12,Januari,January,Q1,Surabaya,Sedan,Lexus,ES,4,49.34,4480,1120
TRX0528,2024-01-12,Januari,January,Q1,Bandar Lampung,Hatchback,Mazda,CX-3,13,65.41,5421,417
TRX0151,2024-01-13,Januari,January,Q1,Bandung,LCGC,Daihatsu,Sigra,14,37.63,2912,208
TRX0470,2024-01-13,Januari,January,Q1,Padang,Hatchback,Volkswagen,Passat,17,42.1,12189,717
TRX0086,2024-01-14,Januari,January,Q1,Bekasi,Sedan,Audi,A6,4,32.59,4820,1205
TRX0336,2024-01-14,Januari,January,Q1,Denpasar,Sedan,Lexus,ES,8,40.68,8680,1085
TRX0552,2024-01-14,Januari,January,Q1,Bandar Lampung,Sedan,Mercedes-Benz,C-Class,16,45.06,15712,982
TRX0415,2024-01-15,Januari,January,Q1,Bandar Lampung,SUV,Mercedes-Benz,GLC,10,28.87,13050,1305
TRX0262,2024-01-15,Januari,January,Q1,Semarang,Sedan,Kia,Carnival,19,60.57,11704,616
TRX0214,2024-01-16,Januari,January,Q1,Makassar,Hatchback,Hyundai,Tucson,15,46.83,7515,501
TRX0166,2024-01-16,Januari,January,Q1,Pekanbaru,MPV,Honda,Odyssey,3,11.45,1923,641
TRX0454,2024-01-16,Januari,January,Q1,Makassar,SUV,Honda,HR-V,19,50.19,7524,396
TRX0255,2024-01-16,Januari,January,Q1,Bandung,SUV,Volkswagen,Passat,10,56.09,6910,691
TRX0296,2024-01-17,Januari,January,Q1,Makassar,Sedan,Mazda,Mazda3,14,54.8,6440,460
TRX0537,2024-01-17,Januari,January,Q1,Bekasi,SUV,Suzuki,S-Cross,20,68.9,7080,354
TRX0486,2024-01-18,Januari,January,Q1,Bandar Lampung,SUV,Mitsubishi,Eclipse Cross,18,24.11,7290,405
TRX0188,2024-01-18,Januari,January,Q1,Malang,LCGC,Suzuki,Karimun,4,15.12,724,181
TRX0074,2024-01-18,Januari,January,Q1,Bandar Lampung,Sedan,Lexus,ES,1,11.69,1111,1111
TRX0359,2024-01-18,Januari,January,Q1,Pekanbaru,Sedan,Audi,A4,10,35.01,8850,885
TRX0578,2024-01-18,Januari,January,Q1,Makassar,SUV,Mitsubishi,Outlander,4,31.58,2076,519
TRX0392,2024-01-18,Januari,January,Q1,Malang,SUV,Daihatsu,Terios,1,25.85,284,284
TRX0597,2024-01-18,Januari,January,Q1,Surabaya,Sedan,Audi,Q3,2,28.14,1972,986
TRX0340,2024-01-18,Januari,January,Q1,Bandar Lampung,SUV,Wuling,Almaz,20,37.2,7160,358
TRX0056,2024-01-19,Januari,January,Q1,Pekanbaru,Sedan,Mazda,MX-5,13,35.27,9165,705
TRX0494,2024-01-19,Januari,January,Q1,Surabaya,SUV,Mitsubishi,Outlander,18,75.57,9288,516
TRX0291,2024-01-19,Januari,January,Q1,Bandung,MPV,Daihatsu,Xenia,13,27.83,3042,234
TRX0035,2024-01-19,Januari,January,Q1,Jakarta,SUV,Hyundai,Santa Fe,3,29.86,1779,593
TRX0516,2024-01-20,Januari,January,Q1,Bandar Lampung,LCGC,Daihatsu,Sigra,8,35.29,1560,195
TRX0354,2024-01-20,Januari,January,Q1,Bogor,MPV,Hyundai,Santa Fe,2,13.98,1232,616
TRX0373,2024-01-20,Januari,January,Q1,Jakarta,Sedan,Honda,Accord,15,71.89,8775,585
TRX0199,2024-01-20,Januari,January,Q1,Manado,Pickup,Mitsubishi,Delica,12,44.72,5400,450
TRX0033,2024-01-21,Januari,January,Q1,Balikpapan,Sedan,Lexus,LS,19,62.38,34200,1800
TRX0349,2024-01-21,Januari,January,Q1,Bandar Lampung,Sedan,Volkswagen,Touareg,18,61.0,21690,1205
TRX0288,2024-01-21,Januari,January,Q1,Bandar Lampung,Sedan,BMW,3 Series,2,16.67,2014,1007
TRX0158,2024-01-21,Januari,January,Q1,Denpasar,Sedan,Audi,A4,11,46.82,9911,901
TRX0212,2024-01-21,Januari,January,Q1,Surabaya,Sedan,Lexus,LS,9,36.87,16344,1816
TRX0309,2024-01-22,Januari,January,Q1,Medan,MPV,Audi,Q3,10,53.11,10090,1009
TRX0530,2024-01-22,Januari,January,Q1,Depok,MPV,Wuling,Air ev,7,35.75,1260,180
TRX0569,2024-01-22,Januari,January,Q1,Denpasar,MPV,Daihatsu,Xenia,8,38.77,1904,238
TRX0436,2024-01-23,Januari,January,Q1,Semarang,Hatchback,Wuling,Air ev,13,29.48,2730,210
TRX0377,2024-01-23,Januari,January,Q1,Bekasi,Hatchback,Mazda,CX-3,7,45.31,2765,395
TRX0331,2024-01-24,Januari,January,Q1,Pekanbaru,Sedan,Lexus,ES,3,18.24,3315,1105
TRX0396,2024-01-24,Januari,January,Q1,Yogyakarta,SUV,Wuling,Air ev,14,55.34,3052,218
TRX0401,2024-01-24,Januari,January,Q1,Padang,MPV,Mazda,CX-3,13,36.69,5083,391
TRX0223,2024-01-25,Januari,January,Q1,Denpasar,MPV,Nissan,Livina,18,36.7,5202,289
TRX0239,2024-01-26,Januari,January,Q1,Semarang,SUV,Toyota,Fortuner,14,57.15,8540,610
TRX0110,2024-01-26,Januari,January,Q1,Pekanbaru,Hatchback,Honda,Brio,15,45.68,2835,189
TRX0535,2024-01-26,Januari,January,Q1,Palembang,Hatchback,Kia,Stonic,11,53.53,3509,319
TRX0397,2024-01-26,Januari,January,Q1,Yogyakarta,MPV,Suzuki,XL7,14,29.85,4676,334
TRX0173,2024-01-26,Januari,January,Q1,Bandar Lampung,Sedan,Mercedes-Benz,S-Class,17,68.7,34017,2001
TRX0560,2024-01-26,Januari,January,Q1,Makassar,Sedan,Toyota,Camry,9,23.89,5130,570
TRX0272,2024-01-26,Januari,January,Q1,Bogor,Sedan,Mercedes-Benz,E-Class,7,33.03,8400,1200
TRX0381,2024-01-26,Januari,January,Q1,Tangerang,MPV,Lexus,NX,18,66.44,17892,994
TRX0339,2024-01-27,Januari,January,Q1,Yogyakarta,MPV,Nissan,Livina,5,41.45,1440,288
TRX0478,2024-01-27,Januari,January,Q1,Samarinda,Sedan,Audi,e-tron,18,58.51,26910,1495
TRX0178,2024-01-27,Januari,January,Q1,Bandar Lampung,SUV,Audi,Q5,10,35.86,11900,1190
TRX0471,2024-01-27,Januari,January,Q1,Denpasar,Sedan,Lexus,LS,20,67.22,36240,1812
TRX0355,2024-01-27,Januari,January,Q1,Manado,SUV,Lexus,RX,8,21.34,9440,1180
TRX0099,2024-01-27,Januari,January,Q1,Makassar,Hatchback,Nissan,Kicks,10,12.97,3950,395
TRX0005,2024-01-27,Januari,January,Q1,Bandung,SUV,Mazda,CX-5,12,23.69,6216,518
TRX0395,2024-01-27,Januari,January,Q1,Bandung,MPV,Nissan,Serena,13,53.63,4992,384
TRX0119,2024-01-28,Januari,January,Q1,Tangerang,MPV,Mazda,MX-5,19,39.14,13262,698
TRX0139,2024-01-28,Januari,January,Q1,Bogor,Sedan,BMW,5 Series,3,34.17,3900,1300
TRX0367,2024-01-28,Januari,January,Q1,Semarang,Sedan,Honda,Accord,15,42.85,9000,600
TRX0026,2024-01-28,Januari,January,Q1,Tangerang,MPV,Suzuki,XL7,18,40.51,5544,308
TRX0048,2024-01-28,Januari,January,Q1,Samarinda,Sedan,Mazda,Mazda3,11,56.7,5148,468
TRX0230,2024-01-29,Januari,January,Q1,Palembang,LCGC,Toyota,Calya,11,32.45,2079,189
TRX0014,2024-01-29,Januari,January,Q1,Semarang,Hatchback,Lexus,NX,20,62.06,20080,1004
TRX0317,2024-01-30,Januari,January,Q1,Makassar,MPV,Nissan,Serena,17,55.0,6902,406
TRX0311,2024-01-30,Januari,January,Q1,Jakarta,Sedan,Audi,A4,4,33.53,3580,895
TRX0446,2024-01-30,Januari,January,Q1,Medan,MPV,Hyundai,Stargazer,20,81.61,6920,346
TRX0200,2024-01-30,Januari,January,Q1,Jakarta,Hatchback,BMW,X3,17,38.56,20655,1215
TRX0353,2024-01-31,Januari,January,Q1,Jakarta,MPV,Nissan,Kicks,17,60.26,6392,376
TRX0358,2024-01-31,Januari,January,Q1,Bandar Lampung,SUV,Lexus,RX,6,60.75,7278,1213
TRX0550,2024-01-31,Januari,January,Q1,Bandung,SUV,Lexus,LX,18,39.22,27180,1510
TRX0338,2024-01-31,Januari,January,Q1,Balikpapan,Hatchback,BMW,X3,3,14.15,3612,1204
TRX0082,2024-01-31,Januari,January,Q1,Padang,Sedan,Mercedes-Benz,GLC,7,51.36,9079,1297
TRX0325,2024-01-31,Januari,January,Q1,Tangerang,LCGC,Suzuki,Karimun,19,47.71,3781,199
TRX0334,2024-02-01,Februari,February,Q1,Makassar,SUV,Hyundai,Tucson,14,58.04,6832,488
TRX0058,2024-02-01,Februari,February,Q1,Pekanbaru,SUV,Mitsubishi,Eclipse Cross,17,47.04,7106,418
TRX0132,2024-02-01,Februari,February,Q1,Pekanbaru,Hatchback,Honda,Jazz,7,46.46,1841,263
TRX0133,2024-02-02,Februari,February,Q1,Manado,MPV,Suzuki,Ertiga,18,47.2,5346,297
TRX0171,2024-02-02,Februari,February,Q1,Bandar Lampung,Hatchback,Honda,Jazz,14,19.31,3962,283
TRX0389,2024-02-02,Februari,February,Q1,Makassar,SUV,BMW,X5,19,33.13,26904,1416
TRX0590,2024-02-02,Februari,February,Q1,Bogor,MPV,Suzuki,S-Cross,15,51.58,4965,331
TRX0040,2024-02-03,Februari,February,Q1,Bekasi,SUV,Mitsubishi,Eclipse Cross,18,16.47,7470,415
TRX0208,2024-02-03,Februari,February,Q1,Balikpapan,SUV,Kia,Seltos,17,29.14,6783,399
TRX0205,2024-02-03,Februari,February,Q1,Samarinda,SUV,Volkswagen,Tiguan,3,54.72,1965,655
TRX0267,2024-02-04,Februari,February,Q1,Denpasar,Sedan,Suzuki,S-Cross,11,50.15,3938,358
TRX0249,2024-02-04,Februari,February,Q1,Bogor,SUV,Mitsubishi,Eclipse Cross,20,73.97,8120,406
TRX0574,2024-02-04,Februari,February,Q1,Malang,LCGC,Daihatsu,Sigra,18,69.49,3618,201
TRX0591,2024-02-04,Februari,February,Q1,Bekasi,SUV,Volkswagen,Tiguan,16,42.99,10640,665
TRX0326,2024-02-05,Februari,February,Q1,Palembang,SUV,Audi,Q3,19,42.5,19266,1014
TRX0246,2024-02-05,Februari,February,Q1,Bogor,MPV,Nissan,Serena,1,17.23,404,404
TRX0276,2024-02-05,Februari,February,Q1,Padang,MPV,Hyundai,Stargazer,18,38.38,6534,363
TRX0386,2024-02-06,Februari,February,Q1,Medan,MPV,Audi,e-tron,3,34.39,4515,1505
TRX0501,2024-02-06,Februari,February,Q1,Makassar,MPV,Mitsubishi,Xpander,20,40.29,6240,312
TRX0582,2024-02-07,Februari,February,Q1,Surabaya,LCGC,Daihatsu,Sigra,3,18.7,600,200
TRX0179,2024-02-07,Februari,February,Q1,Balikpapan,Sedan,Honda,Accord,15,40.09,8715,581
TRX0160,2024-02-07,Februari,February,Q1,Tangerang,Sedan,Honda,Accord,9,46.87,5319,591
TRX0236,2024-02-07,Februari,February,Q1,Depok,Hatchback,Toyota,Yaris,3,39.38,864,288
TRX0558,2024-02-08,Februari,February,Q1,Bogor,SUV,Mercedes-Benz,GLA,6,22.09,6666,1111
TRX0281,2024-02-08,Februari,February,Q1,Tangerang,Hatchback,Suzuki,Ignis,17,35.65,3774,222
TRX0341,2024-02-08,Februari,February,Q1,Balikpapan,Sedan,Wuling,Air ev,3,43.01,564,188
TRX0449,2024-02-08,Februari,February,Q1,Bandung,Sedan,Mercedes-Benz,S-Class,3,37.55,5988,1996
TRX0111,2024-02-09,Februari,February,Q1,Bandung,MPV,Hyundai,Palisade,20,78.9,14700,735
TRX0130,2024-02-09,Februari,February,Q1,Balikpapan,SUV,Lexus,RX,16,23.36,19152,1197
TRX0498,2024-02-10,Februari,February,Q1,Padang,MPV,Suzuki,XL7,13,57.52,4134,318
TRX0536,2024-02-11,Februari,February,Q1,Denpasar,SUV,Lexus,RX,3,50.12,3630,1210
TRX0244,2024-02-11,Februari,February,Q1,Pekanbaru,Sedan,Lexus,ES,6,48.69,6606,1101
TRX0587,2024-02-12,Februari,February,Q1,Bekasi,SUV,Wuling,Almaz,13,66.43,4290,330
TRX0564,2024-02-12,Februari,February,Q1,Yogyakarta,Hatchback,Mazda,MX-5,3,23.37,2070,690
TRX0393,2024-02-12,Februari,February,Q1,Balikpapan,MPV,Hyundai,Tucson,18,72.59,8748,486
TRX0439,2024-02-12,Februari,February,Q1,Bandung,SUV,Audi,Q5,10,51.7,12090,1209
TRX0406,2024-02-12,Februari,February,Q1,Palembang,Sedan,Mercedes-Benz,GLC,2,51.78,2570,1285
TRX0094,2024-02-12,Februari,February,Q1,Depok,Pickup,Wuling,Formo,15,59.23,3885,259
TRX0071,2024-02-12,Februari,February,Q1,Samarinda,SUV,Wuling,Almaz,6,42.4,2016,336
TRX0570,2024-02-13,Februari,February,Q1,Jakarta,SUV,Toyota,Rush,11,63.29,3399,309
TRX0284,2024-02-13,Februari,February,Q1,Bandung,MPV,Hyundai,Tucson,19,62.41,9747,513
TRX0452,2024-02-13,Februari,February,Q1,Yogyakarta,MPV,Nissan,Kicks,3,16.53,1143,381
TRX0054,2024-02-13,Februari,February,Q1,Bandung,SUV,Daihatsu,Rocky,20,74.36,5700,285
TRX0229,2024-02-13,Februari,February,Q1,Bandar Lampung,Sedan,Lexus,LS,13,31.41,23335,1795
TRX0157,2024-02-13,Februari,February,Q1,Samarinda,SUV,Hyundai,Palisade,14,40.01,10430,745
TRX0135,2024-02-14,Februari,February,Q1,Medan,SUV,Lexus,RX,5,44.83,6010,1202
TRX0429,2024-02-16,Februari,February,Q1,Depok,SUV,Honda,HR-V,5,43.2,1975,395
TRX0098,2024-02-16,Februari,February,Q1,Manado,Sedan,Mazda,Mazda6,3,26.32,1656,552
TRX0186,2024-02-17,Februari,February,Q1,Bandung,SUV,Kia,Carnival,17,61.83,10404,612
TRX0030,2024-02-18,Februari,February,Q1,Depok,MPV,Suzuki,Ertiga,19,49.79,4997,263
TRX0270,2024-02-18,Februari,February,Q1,Medan,Sedan,BMW,5 Series,8,56.81,10440,1305
TRX0268,2024-02-18,Februari,February,Q1,Surabaya,LCGC,Daihatsu,Sigra,20,46.32,3480,174
TRX0592,2024-02-18,Februari,February,Q1,Manado,Pickup,Mitsubishi,Delica,12,38.35,5508,459
TRX0344,2024-02-18,Februari,February,Q1,Denpasar,SUV,Daihatsu,Terios,8,20.07,2272,284
TRX0504,2024-02-19,Februari,February,Q1,Yogyakarta,MPV,Hyundai,Tucson,20,38.86,10340,517
TRX0245,2024-02-19,Februari,February,Q1,Makassar,Hatchback,Wuling,Air ev,17,33.97,3145,185
TRX0482,2024-02-19,Februari,February,Q1,Depok,MPV,Hyundai,Stargazer,3,40.12,1023,341
TRX0274,2024-02-20,Februari,February,Q1,Yogyakarta,Hatchback,Suzuki,Swift,19,66.17,4959,261
TRX0093,2024-02-20,Februari,February,Q1,Balikpapan,Hatchback,Honda,Brio,8,47.06,1576,197
TRX0503,2024-02-20,Februari,February,Q1,Manado,MPV,Hyundai,Palisade,5,20.85,3680,736
TRX0361,2024-02-20,Februari,February,Q1,Padang,Sedan,Mercedes-Benz,GLC,1,16.5,1281,1281
TRX0586,2024-02-20,Februari,February,Q1,Malang,SUV,Volkswagen,Tiguan,7,40.39,4515,645
TRX0437,2024-02-21,Februari,February,Q1,Malang,SUV,Toyota,Rush,17,59.93,4777,281
TRX0123,2024-02-21,Februari,February,Q1,Semarang,Sedan,Mercedes-Benz,S-Class,12,67.06,24144,2012
TRX0360,2024-02-21,Februari,February,Q1,Depok,Pickup,Wuling,Formo,20,60.73,5180,259
TRX0533,2024-02-22,Februari,February,Q1,Balikpapan,Hatchback,Kia,Picanto,16,49.77,3248,203
TRX0063,2024-02-22,Februari,February,Q1,Balikpapan,SUV,Mazda,MX-5,19,24.79,13490,710
TRX0599,2024-02-23,Februari,February,Q1,Bogor,SUV,Volkswagen,Tiguan,15,58.72,9795,653
TRX0090,2024-02-23,Februari,February,Q1,Palembang,SUV,Daihatsu,Terios,6,34.25,1626,271
TRX0368,2024-02-23,Februari,February,Q1,Pekanbaru,LCGC,Daihatsu,Sigra,9,25.85,1575,175
TRX0554,2024-02-23,Februari,February,Q1,Denpasar,SUV,Wuling,Almaz,11,52.37,4059,369
TRX0237,2024-02-24,Februari,February,Q1,Palembang,MPV,Audi,e-tron,18,38.92,26784,1488
TRX0487,2024-02-24,Februari,February,Q1,Yogyakarta,MPV,Nissan,Livina,10,48.82,3190,319
TRX0021,2024-02-24,Februari,February,Q1,Padang,MPV,Mercedes-Benz,GLC,13,60.79,17004,1308
TRX0172,2024-02-24,Februari,February,Q1,Yogyakarta,Sedan,Mercedes-Benz,C-Class,7,18.58,6916,988
TRX0420,2024-02-24,Februari,February,Q1,Tangerang,Sedan,Lexus,NX,9,20.94,9108,1012
TRX0332,2024-02-24,Februari,February,Q1,Bogor,Hatchback,Daihatsu,Ayla,10,44.5,1850,185
TRX0219,2024-02-25,Februari,February,Q1,Manado,SUV,Nissan,X-Trail,2,35.42,922,461
TRX0372,2024-02-26,Februari,February,Q1,Semarang,Hatchback,Suzuki,Swift,12,53.89,3204,267
TRX0045,2024-02-26,Februari,February,Q1,Palembang,Sedan,Audi,A6,12,32.91,14328,1194
TRX0080,2024-02-26,Februari,February,Q1,Denpasar,MPV,BMW,X3,19,49.2,22990,1210
TRX0273,2024-02-26,Februari,February,Q1,Semarang,Hatchback,Toyota,Yaris,18,54.37,5346,297
TRX0258,2024-02-27,Februari,February,Q1,Jakarta,SUV,Mercedes-Benz,GLA,10,34.77,11140,1114
TRX0147,2024-02-27,Februari,February,Q1,Balikpapan,SUV,Audi,e-tron,20,44.2,29620,1481
TRX0125,2024-02-27,Februari,February,Q1,Denpasar,MPV,Audi,e-tron,3,18.96,4440,1480
TRX0069,2024-02-27,Februari,February,Q1,Bandung,SUV,Mercedes-Benz,GLA,1,44.2,1092,1092
TRX0113,2024-02-28,Februari,February,Q1,Bandung,SUV,Mazda,CX-5,4,43.65,1960,490
TRX0259,2024-02-28,Februari,February,Q1,Tangerang,Sedan,Hyundai,Palisade,9,19.86,6633,737
TRX0557,2024-02-28,Februari,February,Q1,Medan,Sedan,BMW,3 Series,8,49.89,8056,1007
TRX0155,2024-02-28,Februari,February,Q1,Bandar Lampung,SUV,Kia,Carnival,13,30.31,7891,607
TRX0008,2024-02-29,Februari,February,Q1,Medan,Sedan,Mazda,Mazda3,15,33.87,6600,440
TRX0204,2024-03-01,Maret,March,Q1,Bogor,SUV,Toyota,Rush,18,61.57,5454,303
TRX0398,2024-03-01,Maret,March,Q1,Medan,Hatchback,Toyota,Agya,19,31.7,3629,191
TRX0567,2024-03-01,Maret,March,Q1,Bekasi,SUV,BMW,X5,7,13.81,9835,1405
TRX0028,2024-03-01,Maret,March,Q1,Makassar,Sedan,Mazda,Mazda6,16,57.56,8880,555
TRX0129,2024-03-01,Maret,March,Q1,Padang,SUV,Mitsubishi,Eclipse Cross,15,48.06,6210,414
TRX0175,2024-03-01,Maret,March,Q1,Pekanbaru,Pickup,Wuling,Formo,15,44.99,3960,264
TRX0116,2024-03-02,Maret,March,Q1,Bogor,Hatchback,Volkswagen,Golf,5,39.65,2545,509
TRX0238,2024-03-02,Maret,March,Q1,Tangerang,Sedan,Toyota,Camry,8,36.21,4288,536
TRX0549,2024-03-02,Maret,March,Q1,Bekasi,MPV,Suzuki,XL7,7,32.7,2373,339
TRX0079,2024-03-02,Maret,March,Q1,Balikpapan,Sedan,Hyundai,Santa Fe,16,50.92,9728,608
TRX0070,2024-03-02,Maret,March,Q1,Semarang,SUV,Hyundai,Creta,19,67.83,7391,389
TRX0577,2024-03-02,Maret,March,Q1,Bandar Lampung,Sedan,Mercedes-Benz,S-Class,9,51.47,18126,2014
TRX0295,2024-03-03,Maret,March,Q1,Manado,Hatchback,Kia,Sportage,6,25.99,2682,447
TRX0356,2024-03-03,Maret,March,Q1,Surabaya,Hatchback,Hyundai,Palisade,5,39.23,3660,732
TRX0438,2024-03-04,Maret,March,Q1,Tangerang,Sedan,BMW,3 Series,10,36.09,9860,986
TRX0022,2024-03-04,Maret,March,Q1,Tangerang,SUV,Honda,CR-V,1,31.99,544,544
TRX0027,2024-03-04,Maret,March,Q1,Bandung,SUV,Hyundai,Santa Fe,2,52.38,1160,580
TRX0297,2024-03-04,Maret,March,Q1,Bogor,MPV,Wuling,Cortez,15,47.56,4020,268
TRX0532,2024-03-05,Maret,March,Q1,Bekasi,Hatchback,Audi,e-tron,19,46.3,28861,1519
TRX0169,2024-03-05,Maret,March,Q1,Samarinda,MPV,Audi,Q3,3,49.15,2967,989
TRX0100,2024-03-05,Maret,March,Q1,Yogyakarta,Hatchback,Honda,Odyssey,17,35.67,11288,664
TRX0583,2024-03-05,Maret,March,Q1,Denpasar,SUV,Audi,Q5,4,44.36,4816,1204
TRX0143,2024-03-06,Maret,March,Q1,Malang,SUV,Mitsubishi,Eclipse Cross,3,11.13,1155,385
TRX0124,2024-03-06,Maret,March,Q1,Bogor,Sedan,Mercedes-Benz,E-Class,11,56.15,13299,1209
TRX0060,2024-03-07,Maret,March,Q1,Tangerang,Sedan,Audi,A4,17,35.48,15640,920
TRX0561,2024-03-07,Maret,March,Q1,Malang,Pickup,Nissan,Navara,18,18.17,7596,422
TRX0067,2024-03-07,Maret,March,Q1,Denpasar,MPV,Nissan,Serena,15,55.29,6015,401
TRX0419,2024-03-07,Maret,March,Q1,Bandung,SUV,Daihatsu,Terios,13,65.13,3510,270
TRX0546,2024-03-07,Maret,March,Q1,Bandung,Sedan,Mazda,CX-3,11,33.9,4422,402
TRX0078,2024-03-07,Maret,March,Q1,Yogyakarta,SUV,Daihatsu,Rocky,9,35.33,2520,280
TRX0513,2024-03-08,Maret,March,Q1,Malang,MPV,Suzuki,Ertiga,7,35.6,1981,283
TRX0039,2024-03-08,Maret,March,Q1,Bandar Lampung,SUV,Hyundai,Palisade,3,9.98,2241,747
TRX0515,2024-03-08,Maret,March,Q1,Manado,Hatchback,Kia,Picanto,6,30.32,1224,204
TRX0555,2024-03-08,Maret,March,Q1,Tangerang,LCGC,Daihatsu,Sigra,20,35.99,3860,193
TRX0315,2024-03-08,Maret,March,Q1,Bogor,Hatchback,Kia,Carnival,20,30.7,12340,617
TRX0547,2024-03-08,Maret,March,Q1,Tangerang,SUV,Daihatsu,Terios,13,39.94,3432,264
TRX0009,2024-03-09,Maret,March,Q1,Bandung,MPV,Wuling,Cortez,18,42.09,4860,270
TRX0412,2024-03-09,Maret,March,Q1,Malang,SUV,Toyota,Rush,10,60.8,2970,297
TRX0216,2024-03-09,Maret,March,Q1,Pekanbaru,MPV,Suzuki,XL7,4,54.73,1272,318
TRX0445,2024-03-10,Maret,March,Q1,Samarinda,MPV,Wuling,Cortez,14,46.82,4088,292
TRX0571,2024-03-10,Maret,March,Q1,Padang,MPV,Hyundai,Stargazer,18,57.93,6606,367
TRX0095,2024-03-10,Maret,March,Q1,Bandar Lampung,Hatchback,Kia,Stonic,15,24.01,4770,318
TRX0425,2024-03-11,Maret,March,Q1,Bekasi,Sedan,Lexus,ES,7,52.39,7791,1113
TRX0140,2024-03-11,Maret,March,Q1,Samarinda,Sedan,Lexus,LS,18,73.08,32472,1804
TRX0280,2024-03-11,Maret,March,Q1,Padang,SUV,Daihatsu,Terios,17,20.77,4607,271
TRX0235,2024-03-11,Maret,March,Q1,Depok,Hatchback,Honda,Brio,18,76.6,3690,205
TRX0335,2024-03-11,Maret,March,Q1,Bandung,Sedan,Lexus,ES,9,48.16,9927,1103
TRX0506,2024-03-11,Maret,March,Q1,Malang,SUV,Mitsubishi,Outlander,16,36.47,8128,508
TRX0163,2024-03-11,Maret,March,Q1,Manado,SUV,Toyota,Rush,17,35.24,5083,299
TRX0210,2024-03-11,Maret,March,Q1,Semarang,Sedan,Lexus,ES,20,42.67,21700,1085
TRX0380,2024-03-12,Maret,March,Q1,Surabaya,Sedan,Mercedes-Benz,C-Class,17,83.32,17289,1017
TRX0314,2024-03-12,Maret,March,Q1,Bandung,SUV,Wuling,Almaz,18,41.02,6354,353
TRX0580,2024-03-13,Maret,March,Q1,Bekasi,SUV,Mitsubishi,Eclipse Cross,1,13.02,385,385
TRX0271,2024-03-13,Maret,March,Q1,Denpasar,MPV,Hyundai,Santa Fe,10,40.54,6030,603
TRX0424,2024-03-13,Maret,March,Q1,Depok,SUV,Lexus,RX,16,72.85,19216,1201
TRX0477,2024-03-14,Maret,March,Q1,Bekasi,SUV,Mitsubishi,Pajero Sport,10,23.66,6640,664
TRX0240,2024-03-14,Maret,March,Q1,Yogyakarta,SUV,Daihatsu,Terios,3,33.84,822,274
TRX0061,2024-03-14,Maret,March,Q1,Tangerang,Hatchback,Daihatsu,Ayla,11,20.54,1705,155
TRX0222,2024-03-14,Maret,March,Q1,Bandung,Hatchback,Mazda,MX-5,18,47.83,12942,719
TRX0400,2024-03-15,Maret,March,Q1,Bandung,SUV,Hyundai,Creta,10,41.92,3900,390
TRX0154,2024-03-15,Maret,March,Q1,Yogyakarta,Sedan,Honda,Civic,16,31.6,7056,441
TRX0242,2024-03-15,Maret,March,Q1,Surabaya,Hatchback,Toyota,Yaris,19,55.49,5339,281
TRX0474,2024-03-15,Maret,March,Q1,Malang,Sedan,Volkswagen,Touareg,17,30.95,20740,1220
TRX0195,2024-03-16,Maret,March,Q1,Depok,Hatchback,Hyundai,Santa Fe,6,34.66,3612,602
TRX0450,2024-03-16,Maret,March,Q1,Bekasi,SUV,Hyundai,Creta,4,47.51,1448,362
TRX0544,2024-03-16,Maret,March,Q1,Yogyakarta,MPV,Honda,Odyssey,18,71.32,11628,646
TRX0017,2024-03-17,Maret,March,Q1,Bandar Lampung,MPV,Wuling,Cortez,5,37.61,1350,270
TRX0234,2024-03-17,Maret,March,Q1,Depok,Hatchback,BMW,X3,11,51.14,13222,1202
TRX0226,2024-03-17,Maret,March,Q1,Manado,Pickup,Nissan,Navara,17,53.04,7327,431
TRX0266,2024-03-17,Maret,March,Q1,Semarang,Sedan,Mercedes-Benz,C-Class,2,51.22,2012,1006
TRX0203,2024-03-17,Maret,March,Q1,Makassar,MPV,BMW,X3,17,78.03,20179,1187
TRX0128,2024-03-18,Maret,March,Q1,Balikpapan,Sedan,Honda,Accord,2,51.17,1198,599
TRX0497,2024-03-18,Maret,March,Q1,Samarinda,SUV,Honda,CR-V,15,50.19,8325,555
TRX0248,2024-03-19,Maret,March,Q1,Makassar,MPV,Mazda,MX-5,4,35.97,2812,703
TRX0422,2024-03-19,Maret,March,Q1,Bekasi,Sedan,Mazda,Mazda6,12,26.26,6552,546
TRX0573,2024-03-19,Maret,March,Q1,Malang,Sedan,Mazda,Mazda3,5,13.62,2150,430
TRX0019,2024-03-19,Maret,March,Q1,Tangerang,Sedan,Toyota,Camry,19,70.69,10165,535
TRX0534,2024-03-19,Maret,March,Q1,Manado,Sedan,Nissan,Kicks,4,47.94,1552,388
TRX0148,2024-03-20,Maret,March,Q1,Yogyakarta,SUV,Nissan,X-Trail,6,38.21,2796,466
TRX0051,2024-03-20,Maret,March,Q1,Balikpapan,MPV,Nissan,Kicks,18,58.31,6696,372
TRX0286,2024-03-21,Maret,March,Q1,Jakarta,Hatchback,Suzuki,Ignis,5,25.2,1020,204
TRX0480,2024-03-21,Maret,March,Q1,Padang,MPV,Toyota,Avanza,9,60.21,2421,269
TRX0034,2024-03-21,Maret,March,Q1,Tangerang,LCGC,Daihatsu,Sigra,5,27.37,995,199
TRX0548,2024-03-21,Maret,March,Q1,Malang,Hatchback,Suzuki,Ignis,9,34.65,1908,212
TRX0505,2024-03-21,Maret,March,Q1,Balikpapan,SUV,Mitsubishi,Pajero Sport,11,53.12,7084,644
TRX0156,2024-03-21,Maret,March,Q1,Manado,Hatchback,Mazda,MX-5,14,50.52,9618,687
TRX0300,2024-03-22,Maret,March,Q1,Depok,Sedan,BMW,5 Series,19,54.69,24700,1300
TRX0215,2024-03-22,Maret,March,Q1,Malang,MPV,Mazda,CX-3,17,39.76,6562,386
TRX0585,2024-03-23,Maret,March,Q1,Makassar,SUV,Lexus,RX,18,42.64,21366,1187
TRX0379,2024-03-23,Maret,March,Q1,Denpasar,MPV,Daihatsu,Xenia,1,16.7,248,248
TRX0096,2024-03-23,Maret,March,Q1,Samarinda,SUV,Daihatsu,Terios,3,33.01,888,296
TRX0136,2024-03-23,Maret,March,Q1,Jakarta,SUV,Mitsubishi,Outlander,2,31.91,1012,506
TRX0327,2024-03-23,Maret,March,Q1,Depok,SUV,Daihatsu,Rocky,9,25.73,2574,286
TRX0387,2024-03-23,Maret,March,Q1,Semarang,SUV,Mitsubishi,Eclipse Cross,16,58.31,6256,391
TRX0263,2024-03-23,Maret,March,Q1,Tangerang,MPV,Daihatsu,Xenia,17,28.58,4012,236
TRX0294,2024-03-24,Maret,March,Q1,Denpasar,Hatchback,Toyota,Yaris,14,56.37,3710,265
TRX0408,2024-03-24,Maret,March,Q1,Bekasi,Hatchback,Kia,Stonic,1,10.79,306,306
TRX0563,2024-03-24,Maret,March,Q1,Bandar Lampung,SUV,Hyundai,Tucson,13,42.75,6617,509
TRX0374,2024-03-25,Maret,March,Q1,Medan,LCGC,Toyota,Calya,2,27.67,432,216
TRX0134,2024-03-25,Maret,March,Q1,Semarang,Sedan,Mercedes-Benz,S-Class,1,50.75,1989,1989
TRX0247,2024-03-25,Maret,March,Q1,Depok,SUV,Wuling,Almaz,9,13.89,3105,345
TRX0431,2024-03-25,Maret,March,Q1,Malang,SUV,Daihatsu,Rocky,10,44.17,2870,287
TRX0484,2024-03-25,Maret,March,Q1,Pekanbaru,SUV,BMW,X3,5,16.78,6090,1218
TRX0312,2024-03-25,Maret,March,Q1,Padang,Sedan,Mazda,Mazda6,8,24.99,4560,570
TRX0298,2024-03-26,Maret,March,Q1,Samarinda,Sedan,Mazda,Mazda3,15,68.54,6855,457
TRX0044,2024-03-26,Maret,March,Q1,Balikpapan,MPV,Mercedes-Benz,GLC,6,54.97,7824,1304
TRX0440,2024-03-27,Maret,March,Q1,Balikpapan,MPV,Volkswagen,Touareg,16,42.19,19072,1192
TRX0168,2024-03-27,Maret,March,Q1,Samarinda,SUV,Toyota,Rush,3,33.35,858,286
TRX0189,2024-03-27,Maret,March,Q1,Makassar,Sedan,Audi,A6,16,34.47,19008,1188
TRX0275,2024-03-27,Maret,March,Q1,Bekasi,Sedan,Mercedes-Benz,C-Class,16,54.43,15840,990
TRX0581,2024-03-28,Maret,March,Q1,Balikpapan,LCGC,Daihatsu,Sigra,12,41.05,2064,172
TRX0464,2024-03-28,Maret,March,Q1,Malang,SUV,Audi,Q5,8,41.64,9608,1201
TRX0391,2024-03-29,Maret,March,Q1,Yogyakarta,SUV,Mitsubishi,Pajero Sport,11,26.55,6930,630
TRX0410,2024-03-29,Maret,March,Q1,Balikpapan,LCGC,Daihatsu,Sigra,16,38.42,3328,208
TRX0458,2024-03-29,Maret,March,Q1,Denpasar,Pickup,Mitsubishi,Delica,20,48.66,8600,430
TRX0310,2024-03-30,Maret,March,Q1,Bogor,SUV,Honda,HR-V,15,44.24,5460,364
TRX0036,2024-03-30,Maret,March,Q1,Bandung,MPV,Volkswagen,Touareg,10,58.07,12080,1208
TRX0475,2024-03-31,Maret,March,Q1,Padang,Hatchback,Hyundai,Santa Fe,18,64.49,10926,607
TRX0541,2024-03-31,Maret,March,Q1,Denpasar,Sedan,Mazda,MX-5,17,68.88,11628,684
TRX0121,2024-03-31,Maret,March,Q1,Tangerang,MPV,Lexus,NX,5,38.9,5100,1020
TRX0196,2024-03-31,Maret,March,Q1,Samarinda,Sedan,Mazda,Mazda3,2,25.82,940,470
TRX0447,2024-04-01,April,April,Q2,Balikpapan,MPV,Daihatsu,Xenia,2,49.03,482,241
TRX0417,2024-04-02,April,April,Q2,Palembang,Hatchback,Daihatsu,Ayla,15,43.88,2625,175
TRX0566,2024-04-02,April,April,Q2,Manado,Hatchback,Kia,Stonic,14,53.07,4074,291
TRX0007,2024-04-02,April,April,Q2,Manado,LCGC,Suzuki,Karimun,3,45.72,522,174
TRX0323,2024-04-03,April,April,Q2,Padang,SUV,Audi,Q5,15,59.34,17895,1193
TRX0346,2024-04-03,April,April,Q2,Padang,Hatchback,Lexus,NX,3,10.72,3051,1017
TRX0042,2024-04-03,April,April,Q2,Surabaya,Hatchback,Volkswagen,Polo,7,30.29,2702,386
TRX0442,2024-04-03,April,April,Q2,Surabaya,Sedan,Mazda,Mazda3,18,76.63,8424,468
TRX0221,2024-04-03,April,April,Q2,Denpasar,SUV,Nissan,X-Trail,13,43.85,6058,466
TRX0150,2024-04-04,April,April,Q2,Depok,Sedan,BMW,3 Series,19,43.0,18677,983
TRX0126,2024-04-04,April,April,Q2,Bekasi,MPV,Wuling,Air ev,4,13.43,840,210
TRX0164,2024-04-04,April,April,Q2,Depok,Hatchback,Honda,Jazz,3,29.82,852,284
TRX0282,2024-04-05,April,April,Q2,Denpasar,Sedan,Hyundai,Santa Fe,8,48.72,4680,585
TRX0144,2024-04-05,April,April,Q2,Semarang,MPV,Kia,Seltos,4,51.96,1608,402
TRX0180,2024-04-05,April,April,Q2,Tangerang,SUV,Mazda,CX-5,12,27.12,5772,481
TRX0290,2024-04-06,April,April,Q2,Balikpapan,Pickup,Mitsubishi,Delica,13,29.6,6097,469
TRX0455,2024-04-07,April,April,Q2,Malang,SUV,Wuling,Almaz,5,15.67,1805,361
TRX0109,2024-04-07,April,April,Q2,Denpasar,Hatchback,Lexus,NX,2,50.44,2024,1012
TRX0525,2024-04-08,April,April,Q2,Semarang,Sedan,Honda,Civic,7,47.97,3234,462
TRX0342,2024-04-08,April,April,Q2,Malang,Sedan,Mazda,Mazda3,5,38.37,2235,447
TRX0193,2024-04-08,April,April,Q2,Yogyakarta,SUV,Mitsubishi,Eclipse Cross,16,26.99,6608,413
TRX0382,2024-04-09,April,April,Q2,Malang,Sedan,Volkswagen,Touareg,8,50.47,9616,1202
TRX0064,2024-04-09,April,April,Q2,Balikpapan,Hatchback,Kia,Picanto,20,37.95,4220,211
TRX0301,2024-04-10,April,April,Q2,Malang,Hatchback,Honda,Brio,7,44.95,1337,191
TRX0366,2024-04-10,April,April,Q2,Yogyakarta,MPV,Nissan,Kicks,8,24.37,2976,372
TRX0365,2024-04-10,April,April,Q2,Bandung,SUV,Wuling,Almaz,14,42.99,4830,345
TRX0191,2024-04-11,April,April,Q2,Padang,SUV,Hyundai,Palisade,7,47.8,5264,752
TRX0370,2024-04-11,April,April,Q2,Bandar Lampung,Hatchback,Toyota,Yaris,9,63.88,2349,261
TRX0153,2024-04-11,April,April,Q2,Samarinda,MPV,Toyota,Avanza,7,51.05,1701,243
TRX0511,2024-04-11,April,April,Q2,Malang,Sedan,Kia,Seltos,20,26.09,8240,412
TRX0120,2024-04-11,April,April,Q2,Bekasi,MPV,Toyota,Avanza,20,56.81,4960,248
TRX0011,2024-04-12,April,April,Q2,Bekasi,Sedan,Honda,Accord,19,55.27,11267,593
TRX0304,2024-04-12,April,April,Q2,Padang,Hatchback,Kia,Stonic,18,67.51,5454,303
TRX0046,2024-04-12,April,April,Q2,Yogyakarta,SUV,Daihatsu,Terios,9,40.73,2628,292
TRX0543,2024-04-13,April,April,Q2,Manado,Hatchback,Toyota,Yaris,6,13.44,1752,292
TRX0441,2024-04-13,April,April,Q2,Jakarta,MPV,Suzuki,XL7,5,35.3,1505,301
TRX0411,2024-04-13,April,April,Q2,Semarang,SUV,Wuling,Air ev,13,22.98,2535,195
TRX0509,2024-04-13,April,April,Q2,Manado,MPV,Suzuki,Ertiga,18,68.8,5292,294
TRX0522,2024-04-13,April,April,Q2,Samarinda,SUV,Wuling,Almaz,10,45.11,3430,343
TRX0495,2024-04-14,April,April,Q2,Denpasar,Hatchback,Hyundai,Tucson,11,49.62,5544,504
TRX0091,2024-04-14,April,April,Q2,Pekanbaru,Sedan,BMW,7 Series,16,40.38,28512,1782
TRX0467,2024-04-14,April,April,Q2,Medan,SUV,Daihatsu,Rocky,7,54.49,2009,287
TRX0103,2024-04-14,April,April,Q2,Bandung,MPV,Suzuki,Ertiga,15,51.05,4035,269
TRX0043,2024-04-14,April,April,Q2,Samarinda,Sedan,BMW,X3,6,15.74,7236,1206
TRX0142,2024-04-15,April,April,Q2,Yogyakarta,Sedan,Audi,A6,13,31.66,15418,1186
TRX0403,2024-04-15,April,April,Q2,Manado,Hatchback,Suzuki,Ignis,2,26.44,466,233
TRX0328,2024-04-15,April,April,Q2,Surabaya,MPV,Daihatsu,Xenia,5,45.73,1095,219
TRX0115,2024-04-15,April,April,Q2,Manado,Sedan,Lexus,NX,6,52.77,6114,1019
TRX0600,2024-04-16,April,April,Q2,Malang,SUV,Mercedes-Benz,GLA,20,18.94,22260,1113
TRX0088,2024-04-16,April,April,Q2,Samarinda,MPV,Wuling,Cortez,17,61.97,4896,288
TRX0265,2024-04-16,April,April,Q2,Balikpapan,SUV,Mitsubishi,Outlander,13,49.37,6682,514
TRX0068,2024-04-17,April,April,Q2,Bekasi,SUV,Audi,Q5,16,38.19,19424,1214
TRX0363,2024-04-17,April,April,Q2,Bogor,SUV,Toyota,Fortuner,9,63.07,5238,582
TRX0556,2024-04-17,April,April,Q2,Malang,MPV,Nissan,Kicks,15,31.36,5940,396
TRX0177,2024-04-17,April,April,Q2,Makassar,Sedan,Audi,Q3,9,56.32,9090,1010
TRX0427,2024-04-17,April,April,Q2,Denpasar,SUV,Mazda,CX-5,19,50.27,9348,492
TRX0217,2024-04-17,April,April,Q2,Tangerang,MPV,Audi,Q3,19,63.04,18848,992
TRX0145,2024-04-18,April,April,Q2,Surabaya,SUV,Daihatsu,Rocky,10,39.2,2860,286
TRX0348,2024-04-18,April,April,Q2,Denpasar,Hatchback,Honda,Jazz,18,23.13,5382,299
TRX0318,2024-04-18,April,April,Q2,Makassar,Sedan,Hyundai,Santa Fe,18,32.05,10998,611
TRX0194,2024-04-18,April,April,Q2,Bandung,Sedan,Mazda,MX-5,18,27.47,12600,700
TRX0013,2024-04-19,April,April,Q2,Manado,Sedan,Mazda,Mazda3,8,40.28,3696,462
TRX0399,2024-04-19,April,April,Q2,Bandung,SUV,Daihatsu,Rocky,16,18.26,4576,286
TRX0025,2024-04-20,April,April,Q2,Malang,Sedan,Mazda,Mazda6,15,31.61,8040,536
TRX0313,2024-04-20,April,April,Q2,Denpasar,Sedan,Toyota,Camry,15,17.53,8310,554
TRX0167,2024-04-22,April,April,Q2,Bandar Lampung,Hatchback,Kia,Picanto,6,52.79,1218,203
TRX0102,2024-04-22,April,April,Q2,Bogor,Sedan,Honda,Civic,20,29.39,8800,440
TRX0122,2024-04-22,April,April,Q2,Surabaya,Pickup,Wuling,Formo,5,25.32,1240,248
TRX0131,2024-04-23,April,April,Q2,Pekanbaru,SUV,Suzuki,S-Cross,12,18.69,4224,352
TRX0252,2024-04-23,April,April,Q2,Medan,Hatchback,Lexus,NX,3,44.93,3024,1008
TRX0059,2024-04-23,April,April,Q2,Samarinda,Hatchback,Audi,e-tron,18,60.28,26820,1490
TRX0481,2024-04-23,April,April,Q2,Tangerang,Hatchback,Volkswagen,Polo,19,44.0,7942,418
TRX0376,2024-04-24,April,April,Q2,Semarang,Sedan,Toyota,Camry,10,56.91,5560,556
TRX0461,2024-04-24,April,April,Q2,Bandung,Sedan,Audi,A6,15,73.4,17805,1187
TRX0202,2024-04-25,April,April,Q2,Makassar,SUV,Volkswagen,Passat,11,40.04,7524,684
TRX0207,2024-04-25,April,April,Q2,Pekanbaru,Sedan,Lexus,LS,12,43.07,21780,1815
TRX0319,2024-04-25,April,April,Q2,Samarinda,SUV,Toyota,Rush,1,14.86,288,288
TRX0594,2024-04-26,April,April,Q2,Jakarta,Sedan,Mercedes-Benz,S-Class,13,46.49,25753,1981
TRX0453,2024-04-26,April,April,Q2,Bekasi,Sedan,Audi,A6,16,34.8,19040,1190
TRX0016,2024-04-26,April,April,Q2,Jakarta,Sedan,BMW,3 Series,17,76.77,17204,1012
TRX0351,2024-04-26,April,April,Q2,Samarinda,SUV,Wuling,Almaz,10,12.63,3370,337
TRX0141,2024-04-26,April,April,Q2,Bandar Lampung,SUV,Wuling,Air ev,4,31.68,772,193
TRX0468,2024-04-27,April,April,Q2,Palembang,Sedan,BMW,3 Series,4,53.72,3928,982
TRX0006,2024-04-27,April,April,Q2,Padang,SUV,Honda,HR-V,3,46.61,1134,378
TRX0190,2024-04-27,April,April,Q2,Surabaya,MPV,Daihatsu,Xenia,2,21.13,424,212
TRX0434,2024-04-27,April,April,Q2,Semarang,MPV,Nissan,Serena,3,35.69,1203,401
TRX0316,2024-04-27,April,April,Q2,Samarinda,SUV,Mitsubishi,Outlander,20,36.25,9760,488
TRX0077,2024-04-28,April,April,Q2,Manado,MPV,Wuling,Air ev,1,14.0,200,200
TRX0302,2024-04-28,April,April,Q2,Palembang,SUV,Hyundai,Palisade,14,45.58,10332,738
TRX0402,2024-04-29,April,April,Q2,Bekasi,SUV,Suzuki,S-Cross,5,43.63,1675,335
TRX0176,2024-04-30,April,April,Q2,Palembang,Pickup,Nissan,Navara,15,58.83,6270,418
TRX0459,2024-04-30,April,April,Q2,Bogor,SUV,Audi,Q3,16,34.57,15920,995
TRX0137,2024-05-01,Mei,May,Q2,Pekanbaru,Sedan,Mercedes-Benz,E-Class,17,60.28,20536,1208
TRX0568,2024-05-01,Mei,May,Q2,Padang,MPV,Toyota,Avanza,13,28.23,3055,235
TRX0465,2024-05-01,Mei,May,Q2,Malang,Sedan,BMW,5 Series,4,9.23,5176,1294
TRX0404,2024-05-01,Mei,May,Q2,Manado,Hatchback,Volkswagen,Touareg,10,61.34,12050,1205
TRX0337,2024-05-02,Mei,May,Q2,Bandung,Pickup,Mitsubishi,Delica,8,17.77,3664,458
TRX0232,2024-05-02,Mei,May,Q2,Bandar Lampung,Sedan,Mazda,Mazda3,6,26.59,2784,464
TRX0279,2024-05-03,Mei,May,Q2,Bogor,MPV,Toyota,Avanza,18,28.83,4608,256
TRX0076,2024-05-03,Mei,May,Q2,Pekanbaru,MPV,Mazda,MX-5,11,30.49,7535,685
TRX0523,2024-05-03,Mei,May,Q2,Makassar,Hatchback,Suzuki,Swift,20,57.38,5340,267
TRX0448,2024-05-03,Mei,May,Q2,Yogyakarta,MPV,Suzuki,Ertiga,1,44.09,267,267
TRX0527,2024-05-03,Mei,May,Q2,Semarang,Hatchback,Volkswagen,Golf,18,47.49,9126,507
TRX0107,2024-05-03,Mei,May,Q2,Malang,Pickup,Nissan,Navara,18,79.46,7722,429
TRX0517,2024-05-04,Mei,May,Q2,Bogor,Hatchback,Volkswagen,Golf,1,25.64,488,488
TRX0333,2024-05-04,Mei,May,Q2,Yogyakarta,SUV,Volkswagen,Tiguan,2,42.65,1340,670
TRX0024,2024-05-04,Mei,May,Q2,Palembang,Hatchback,Kia,Sportage,8,18.73,3648,456
TRX0579,2024-05-05,Mei,May,Q2,Palembang,SUV,Nissan,X-Trail,5,15.79,2320,464
TRX0375,2024-05-07,Mei,May,Q2,Jakarta,Sedan,Mazda,Mazda6,6,51.35,3258,543
TRX0213,2024-05-07,Mei,May,Q2,Padang,Hatchback,Daihatsu,Ayla,16,28.14,2800,175
TRX0224,2024-05-08,Mei,May,Q2,Surabaya,MPV,Toyota,Avanza,5,31.99,1300,260
TRX0405,2024-05-08,Mei,May,Q2,Manado,Hatchback,Volkswagen,Golf,19,70.01,9253,487
TRX0231,2024-05-08,Mei,May,Q2,Samarinda,SUV,Volkswagen,Passat,5,40.23,3465,693
TRX0460,2024-05-09,Mei,May,Q2,Tangerang,Hatchback,Kia,Stonic,13,47.78,3705,285
TRX0104,2024-05-10,Mei,May,Q2,Bekasi,Sedan,Mazda,Mazda6,16,47.01,8944,559
TRX0225,2024-05-11,Mei,May,Q2,Semarang,Pickup,Nissan,Navara,11,67.28,4675,425
TRX0152,2024-05-11,Mei,May,Q2,Medan,SUV,Nissan,Kicks,10,40.7,3930,393
TRX0218,2024-05-11,Mei,May,Q2,Pekanbaru,Hatchback,Hyundai,Palisade,1,29.7,755,755
TRX0518,2024-05-11,Mei,May,Q2,Bekasi,MPV,Suzuki,XL7,6,42.44,1938,323
TRX0521,2024-05-11,Mei,May,Q2,Surabaya,Hatchback,Volkswagen,Golf,5,20.47,2450,490
TRX0253,2024-05-11,Mei,May,Q2,Balikpapan,SUV,Hyundai,Santa Fe,18,57.24,10782,599
TRX0101,2024-05-12,Mei,May,Q2,Malang,Hatchback,Wuling,Air ev,2,33.5,394,197
TRX0307,2024-05-12,Mei,May,Q2,Padang,MPV,Wuling,Cortez,15,48.63,4275,285
TRX0364,2024-05-13,Mei,May,Q2,Balikpapan,Sedan,BMW,3 Series,15,19.81,15255,1017
TRX0423,2024-05-13,Mei,May,Q2,Samarinda,SUV,Mazda,MX-5,1,31.66,703,703
TRX0206,2024-05-14,Mei,May,Q2,Balikpapan,Sedan,Mercedes-Benz,C-Class,19,76.56,18772,988
TRX0083,2024-05-14,Mei,May,Q2,Samarinda,SUV,Daihatsu,Terios,7,27.91,1918,274
TRX0015,2024-05-15,Mei,May,Q2,Bekasi,SUV,Kia,Seltos,18,30.76,7218,401
TRX0433,2024-05-15,Mei,May,Q2,Depok,SUV,Mazda,CX-5,5,30.32,2460,492
TRX0018,2024-05-15,Mei,May,Q2,Jakarta,Pickup,Wuling,Formo,16,75.9,3792,237
TRX0112,2024-05-16,Mei,May,Q2,Denpasar,SUV,Nissan,Kicks,20,71.03,7500,375
TRX0020,2024-05-16,Mei,May,Q2,Semarang,SUV,Mitsubishi,Eclipse Cross,18,54.12,7128,396
TRX0492,2024-05-16,Mei,May,Q2,Jakarta,SUV,Lexus,RX,7,48.26,8449,1207
TRX0250,2024-05-17,Mei,May,Q2,Palembang,SUV,Mercedes-Benz,GLC,17,47.16,22321,1313
TRX0047,2024-05-17,Mei,May,Q2,Yogyakarta,MPV,Toyota,Innova,9,56.4,3303,367
TRX0257,2024-05-18,Mei,May,Q2,Semarang,Sedan,Lexus,ES,4,25.45,4456,1114
TRX0002,2024-05-19,Mei,May,Q2,Bandung,SUV,Wuling,Air ev,1,16.87,193,193
TRX0243,2024-05-19,Mei,May,Q2,Bandar Lampung,MPV,Hyundai,Stargazer,17,25.05,5899,347
TRX0500,2024-05-20,Mei,May,Q2,Bandung,MPV,Daihatsu,Xenia,12,67.08,2832,236
TRX0081,2024-05-20,Mei,May,Q2,Yogyakarta,MPV,Nissan,Kicks,10,18.32,3740,374
TRX0038,2024-05-21,Mei,May,Q2,Semarang,Hatchback,Daihatsu,Ayla,20,43.19,3420,171
TRX0507,2024-05-21,Mei,May,Q2,Medan,Pickup,Mitsubishi,Delica,3,47.49,1314,438
TRX0593,2024-05-21,Mei,May,Q2,Makassar,Hatchback,Honda,Brio,5,48.44,990,198
TRX0596,2024-05-21,Mei,May,Q2,Semarang,Pickup,Wuling,Formo,11,24.1,2750,250
TRX0371,2024-05-22,Mei,May,Q2,Padang,MPV,Suzuki,Ertiga,15,19.35,4020,268
TRX0293,2024-05-22,Mei,May,Q2,Bandar Lampung,SUV,Mazda,CX-5,1,31.34,502,502
TRX0320,2024-05-23,Mei,May,Q2,Bandar Lampung,Hatchback,Lexus,LX,16,36.98,24128,1508
TRX0542,2024-05-23,Mei,May,Q2,Manado,MPV,Nissan,Livina,9,58.98,2862,318
TRX0127,2024-05-23,Mei,May,Q2,Yogyakarta,Hatchback,Volkswagen,Golf,8,56.99,4160,520
TRX0576,2024-05-23,Mei,May,Q2,Balikpapan,Sedan,Mazda,CX-3,13,31.57,5122,394
TRX0003,2024-05-23,Mei,May,Q2,Palembang,Sedan,BMW,7 Series,14,55.51,25312,1808
TRX0512,2024-05-24,Mei,May,Q2,Manado,Hatchback,Lexus,NX,12,49.44,11928,994
TRX0162,2024-05-24,Mei,May,Q2,Samarinda,MPV,Nissan,Livina,5,33.34,1420,284
TRX0322,2024-05-24,Mei,May,Q2,Bogor,Hatchback,Kia,Picanto,4,22.31,748,187
TRX0251,2024-05-24,Mei,May,Q2,Medan,Sedan,Toyota,Camry,19,46.26,10241,539
TRX0545,2024-05-24,Mei,May,Q2,Bogor,MPV,Mercedes-Benz,GLC,15,62.14,19755,1317
TRX0416,2024-05-25,Mei,May,Q2,Jakarta,MPV,Mitsubishi,Xpander,7,10.52,2205,315
TRX0502,2024-05-25,Mei,May,Q2,Surabaya,Hatchback,Audi,e-tron,18,50.99,26964,1498
TRX0409,2024-05-25,Mei,May,Q2,Manado,SUV,Wuling,Almaz,4,47.56,1344,336
TRX0287,2024-05-25,Mei,May,Q2,Denpasar,Sedan,Lexus,LS,11,57.45,19668,1788
TRX0598,2024-05-26,Mei,May,Q2,Denpasar,MPV,Lexus,LX,2,33.48,2988,1494
TRX0185,2024-05-27,Mei,May,Q2,Tangerang,MPV,BMW,X3,14,39.86,17066,1219
TRX0049,2024-05-27,Mei,May,Q2,Palembang,SUV,Daihatsu,Terios,14,64.96,4102,293
TRX0551,2024-05-27,Mei,May,Q2,Bekasi,MPV,Hyundai,Stargazer,17,38.2,6035,355
TRX0394,2024-05-27,Mei,May,Q2,Tangerang,SUV,Mitsubishi,Eclipse Cross,3,8.58,1194,398
TRX0072,2024-05-27,Mei,May,Q2,Denpasar,SUV,Mazda,CX-3,19,54.47,7334,386
TRX0053,2024-05-28,Mei,May,Q2,Samarinda,Sedan,Lexus,ES,15,54.4,16620,1108
TRX0211,2024-05-28,Mei,May,Q2,Semarang,Pickup,Mitsubishi,Delica,20,42.77,9320,466
TRX0432,2024-05-29,Mei,May,Q2,Manado,SUV,Wuling,Almaz,16,34.73,5792,362
TRX0031,2024-05-29,Mei,May,Q2,Bogor,Hatchback,Kia,Picanto,6,13.28,1272,212
TRX0118,2024-05-30,Mei,May,Q2,Depok,MPV,Lexus,LX,15,76.67,22380,1492
TRX0089,2024-05-30,Mei,May,Q2,Balikpapan,SUV,Daihatsu,Rocky,20,61.18,6380,319
TRX0469,2024-05-30,Mei,May,Q2,Medan,Sedan,Mercedes-Benz,C-Class,15,55.97,14820,988
TRX0066,2024-05-31,Mei,May,Q2,Manado,SUV,Lexus,RX,3,46.33,3564,1188
TRX0264,2024-05-31,Mei,May,Q2,Makassar,Hatchback,Lexus,LX,2,42.32,3008,1504
TRX0032,2024-06-01,Juni,June,Q2,Bandung,Hatchback,Lexus,NX,4,33.29,3980,995
TRX0345,2024-06-01,Juni,June,Q2,Bandung,MPV,Kia,Seltos,11,58.61,4444,404
TRX0305,2024-06-01,Juni,June,Q2,Bandung,Sedan,Honda,Odyssey,12,30.7,8028,669
TRX0174,2024-06-01,Juni,June,Q2,Denpasar,MPV,Mitsubishi,Xpander,6,13.24,1968,328
TRX0299,2024-06-01,Juni,June,Q2,Semarang,Hatchback,Daihatsu,Ayla,20,58.08,3600,180
TRX0426,2024-06-02,Juni,June,Q2,Denpasar,Sedan,Lexus,ES,5,54.33,5555,1111
TRX0105,2024-06-02,Juni,June,Q2,Bandar Lampung,SUV,BMW,X3,9,58.4,10809,1201
TRX0343,2024-06-02,Juni,June,Q2,Samarinda,Sedan,BMW,7 Series,10,28.35,17990,1799
TRX0289,2024-06-03,Juni,June,Q2,Samarinda,MPV,Wuling,Air ev,1,28.11,208,208
TRX0463,2024-06-03,Juni,June,Q2,Samarinda,Sedan,Lexus,ES,17,54.59,18581,1093
TRX0473,2024-06-03,Juni,June,Q2,Bandar Lampung,SUV,Daihatsu,Rocky,11,23.74,3520,320
TRX0472,2024-06-04,Juni,June,Q2,Tangerang,LCGC,Daihatsu,Sigra,11,49.0,2178,198
TRX0526,2024-06-04,Juni,June,Q2,Medan,SUV,Mitsubishi,Eclipse Cross,20,41.18,8280,414
TRX0183,2024-06-04,Juni,June,Q2,Bandar Lampung,SUV,Mazda,CX-5,10,19.06,4990,499
TRX0390,2024-06-05,Juni,June,Q2,Tangerang,Sedan,Lexus,LS,4,22.37,7156,1789
TRX0037,2024-06-05,Juni,June,Q2,Bandar Lampung,Hatchback,Toyota,Yaris,4,12.84,1104,276
TRX0388,2024-06-06,Juni,June,Q2,Malang,LCGC,Suzuki,Karimun,19,47.93,3496,184
TRX0485,2024-06-06,Juni,June,Q2,Depok,MPV,Hyundai,Santa Fe,3,17.23,1839,613
TRX0385,2024-06-06,Juni,June,Q2,Palembang,MPV,Mercedes-Benz,GLC,6,14.27,7698,1283
TRX0260,2024-06-06,Juni,June,Q2,Jakarta,MPV,Suzuki,XL7,3,10.7,1014,338
TRX0595,2024-06-07,Juni,June,Q2,Tangerang,SUV,Nissan,X-Trail,18,51.02,7956,442
TRX0489,2024-06-08,Juni,June,Q2,Tangerang,SUV,Toyota,Rush,13,37.16,3952,304
TRX0407,2024-06-09,Juni,June,Q2,Semarang,MPV,Audi,e-tron,11,34.52,16335,1485
TRX0508,2024-06-09,Juni,June,Q2,Bandung,SUV,BMW,X5,1,7.78,1420,1420
TRX0559,2024-06-10,Juni,June,Q2,Bandar Lampung,Hatchback,Kia,Carnival,10,49.35,6150,615
TRX0149,2024-06-11,Juni,June,Q2,Jakarta,Hatchback,Honda,Jazz,17,41.09,4828,284
TRX0435,2024-06-11,Juni,June,Q2,Surabaya,LCGC,Toyota,Calya,9,37.57,1710,190
TRX0075,2024-06-11,Juni,June,Q2,Pekanbaru,Hatchback,BMW,X3,6,43.99,7182,1197
TRX0572,2024-06-11,Juni,June,Q2,Manado,MPV,Mazda,MX-5,12,22.83,8568,714
TRX0466,2024-06-11,Juni,June,Q2,Depok,Hatchback,Kia,Picanto,12,60.22,2184,182
TRX0330,2024-06-11,Juni,June,Q2,Bandung,MPV,Mazda,MX-5,12,25.77,8532,711
TRX0159,2024-06-11,Juni,June,Q2,Medan,Hatchback,Kia,Picanto,7,49.83,1414,202
TRX0184,2024-06-12,Juni,June,Q2,Samarinda,SUV,Hyundai,Creta,4,34.91,1592,398
TRX0001,2024-06-12,Juni,June,Q2,Medan,Hatchback,Toyota,Yaris,8,50.26,2144,268
TRX0010,2024-06-12,Juni,June,Q2,Padang,LCGC,Suzuki,Karimun,11,60.76,1914,174
TRX0085,2024-06-12,Juni,June,Q2,Bogor,SUV,Honda,Odyssey,19,45.75,12540,660
TRX0496,2024-06-13,Juni,June,Q2,Samarinda,SUV,Honda,Odyssey,3,14.82,1986,662
TRX0012,2024-06-13,Juni,June,Q2,Pekanbaru,SUV,Mitsubishi,Outlander,5,37.36,2575,515
TRX0198,2024-06-14,Juni,June,Q2,Malang,SUV,Nissan,Kicks,20,68.86,7760,388
TRX0256,2024-06-14,Juni,June,Q2,Balikpapan,Hatchback,Nissan,Kicks,13,55.13,4745,365
TRX0520,2024-06-14,Juni,June,Q2,Balikpapan,Sedan,Toyota,Camry,2,33.06,1132,566
TRX0414,2024-06-14,Juni,June,Q2,Bandung,Hatchback,Suzuki,Swift,7,51.78,1827,261
TRX0181,2024-06-15,Juni,June,Q2,Yogyakarta,Sedan,Mercedes-Benz,GLC,2,37.74,2620,1310
TRX0350,2024-06-15,Juni,June,Q2,Bandung,LCGC,Daihatsu,Sigra,8,18.09,1480,185
TRX0488,2024-06-15,Juni,June,Q2,Jakarta,Hatchback,Honda,Jazz,12,62.75,3300,275
TRX0491,2024-06-15,Juni,June,Q2,Palembang,Pickup,Nissan,Navara,3,53.7,1230,410
TRX0538,2024-06-16,Juni,June,Q2,Bandar Lampung,SUV,Daihatsu,Rocky,2,28.28,640,320
TRX0443,2024-06-16,Juni,June,Q2,Jakarta,MPV,Toyota,Innova,14,22.87,4956,354
TRX0192,2024-06-16,Juni,June,Q2,Yogyakarta,SUV,Daihatsu,Terios,12,60.55,3420,285
TRX0357,2024-06-16,Juni,June,Q2,Balikpapan,Sedan,Suzuki,S-Cross,14,61.17,4858,347
TRX0170,2024-06-16,Juni,June,Q2,Denpasar,Pickup,Mitsubishi,Delica,3,27.01,1395,465
TRX0161,2024-06-16,Juni,June,Q2,Bandung,SUV,Mitsubishi,Eclipse Cross,15,53.49,6255,417
TRX0510,2024-06-16,Juni,June,Q2,Semarang,Sedan,Nissan,Kicks,19,49.96,6992,368
TRX0565,2024-06-16,Juni,June,Q2,Depok,Sedan,BMW,3 Series,20,78.38,19940,997
TRX0324,2024-06-16,Juni,June,Q2,Tangerang,SUV,Daihatsu,Terios,15,53.26,4230,282
TRX0146,2024-06-17,Juni,June,Q2,Bogor,MPV,Suzuki,Ertiga,12,21.18,3396,283
TRX0303,2024-06-17,Juni,June,Q2,Semarang,Sedan,BMW,5 Series,13,65.43,17004,1308
TRX0539,2024-06-17,Juni,June,Q2,Bandar Lampung,MPV,Daihatsu,Xenia,2,39.28,486,243
TRX0524,2024-06-17,Juni,June,Q2,Bandar Lampung,MPV,Daihatsu,Xenia,11,40.87,2728,248
TRX0519,2024-06-18,Juni,June,Q2,Tangerang,Sedan,Mazda,Mazda3,4,32.1,1840,460
TRX0117,2024-06-19,Juni,June,Q2,Jakarta,MPV,Volkswagen,Passat,18,43.21,12312,684
TRX0269,2024-06-20,Juni,June,Q2,Padang,Hatchback,Suzuki,Swift,7,51.73,1743,249
TRX0457,2024-06-20,Juni,June,Q2,Yogyakarta,Hatchback,Kia,Picanto,20,52.23,4140,207
TRX0277,2024-06-20,Juni,June,Q2,Surabaya,SUV,Mercedes-Benz,GLA,14,37.27,15680,1120
TRX0050,2024-06-20,Juni,June,Q2,Palembang,SUV,Nissan,Kicks,11,47.84,4037,367
TRX0220,2024-06-21,Juni,June,Q2,Bogor,SUV,Daihatsu,Rocky,1,11.92,307,307
TRX0540,2024-06-21,Juni,June,Q2,Surabaya,MPV,Nissan,Serena,1,51.53,385,385
TRX0055,2024-06-21,Juni,June,Q2,Depok,MPV,Suzuki,XL7,5,22.08,1510,302
TRX0097,2024-06-21,Juni,June,Q2,Bekasi,SUV,Wuling,Almaz,6,45.56,2178,363
TRX0329,2024-06-22,Juni,June,Q2,Denpasar,MPV,Hyundai,Stargazer,19,46.02,7030,370
TRX0451,2024-06-22,Juni,June,Q2,Yogyakarta,SUV,Mazda,CX-5,4,49.32,1920,480
TRX0197,2024-06-22,Juni,June,Q2,Makassar,SUV,Toyota,Fortuner,20,27.76,11640,582
TRX0562,2024-06-22,Juni,June,Q2,Samarinda,Hatchback,Suzuki,Ignis,19,66.68,4009,211
TRX0499,2024-06-22,Juni,June,Q2,Malang,SUV,Toyota,Fortuner,4,35.14,2320,580
TRX0306,2024-06-22,Juni,June,Q2,Denpasar,Sedan,Mercedes-Benz,E-Class,14,21.1,16520,1180
TRX0052,2024-06-22,Juni,June,Q2,Makassar,Pickup,Wuling,Formo,13,29.27,2990,230
TRX0430,2024-06-23,Juni,June,Q2,Yogyakarta,SUV,Lexus,RX,8,46.17,9552,1194
TRX0421,2024-06-23,Juni,June,Q2,Jakarta,MPV,Hyundai,Stargazer,6,26.6,2064,344
TRX0233,2024-06-23,Juni,June,Q2,Bekasi,Sedan,Wuling,Air ev,8,33.73,1720,215
TRX0413,2024-06-24,Juni,June,Q2,Medan,Sedan,Audi,Q3,10,28.38,10000,1000
TRX0553,2024-06-24,Juni,June,Q2,Makassar,SUV,Hyundai,Creta,17,44.82,6460,380
TRX0589,2024-06-24,Juni,June,Q2,Samarinda,SUV,Nissan,X-Trail,2,39.93,878,439
TRX0073,2024-06-24,Juni,June,Q2,Samarinda,SUV,Mercedes-Benz,GLA,19,57.33,20938,1102
TRX0087,2024-06-24,Juni,June,Q2,Surabaya,MPV,Mitsubishi,Xpander,19,62.6,5795,305
TRX0428,2024-06-24,Juni,June,Q2,Padang,MPV,Lexus,LX,17,73.68,25330,1490
TRX0588,2024-06-25,Juni,June,Q2,Bogor,Sedan,BMW,7 Series,5,22.44,8925,1785
TRX0041,2024-06-25,Juni,June,Q2,Semarang,MPV,Kia,Seltos,19,35.03,7391,389
TRX0228,2024-06-25,Juni,June,Q2,Jakarta,MPV,Wuling,Air ev,19,63.59,3686,194
TRX0308,2024-06-25,Juni,June,Q2,Bandar Lampung,SUV,Mitsubishi,Outlander,1,20.18,486,486
TRX0362,2024-06-26,Juni,June,Q2,Jakarta,SUV,Nissan,X-Trail,13,39.9,5668,436
TRX0285,2024-06-26,Juni,June,Q2,Manado,SUV,Hyundai,Palisade,3,32.01,2292,764
TRX0062,2024-06-26,Juni,June,Q2,Semarang,SUV,BMW,X3,14,45.15,16814,1201
TRX0479,2024-06-27,Juni,June,Q2,Depok,SUV,BMW,X5,13,73.58,18278,1406
TRX0529,2024-06-27,Juni,June,Q2,Manado,SUV,Honda,HR-V,5,48.79,1950,390
TRX0108,2024-06-27,Juni,June,Q2,Tangerang,Sedan,Wuling,Air ev,14,60.32,2800,200
TRX0444,2024-06-28,Juni,June,Q2,Semarang,LCGC,Suzuki,Karimun,1,36.27,186,186
TRX0092,2024-06-28,Juni,June,Q2,Pekanbaru,Hatchback,Honda,Jazz,8,45.19,2400,300
TRX0383,2024-06-28,Juni,June,Q2,Malang,MPV,Wuling,Cortez,19,43.9,5529,291
TRX0493,2024-06-28,Juni,June,Q2,Balikpapan,SUV,Lexus,RX,5,40.04,6045,1209
TRX0201,2024-06-29,Juni,June,Q2,Pekanbaru,Hatchback,Suzuki,Ignis,10,28.31,2120,212
TRX0182,2024-06-29,Juni,June,Q2,Bogor,SUV,Hyundai,Santa Fe,3,16.88,1788,596
TRX0261,2024-06-29,Juni,June,Q2,Surabaya,LCGC,Suzuki,Karimun,2,17.2,376,188
TRX0369,2024-06-29,Juni,June,Q2,Samarinda,Sedan,Toyota,Camry,11,58.48,5885,535
TRX0023,2024-06-30,Juni,June,Q2,Surabaya,MPV,Suzuki,Ertiga,2,29.97,528,264
TRX0209,2024-06-30,Juni,June,Q2,Tangerang,Pickup,Nissan,Navara,10,33.18,4160,416
TRX0084,2024-06-30,Juni,June,Q2,Padang,SUV,Mitsubishi,Outlander,2,21.98,1030,515
